{"cameraMode":{"drawMode":0,"name":"Shaded","section":"Shading Mode"},"sceneLighting":true,"audioPlay":false,"sceneViewState":{"showFog":true,"showMaterialUpdate":false,"showSkybox":true,"showFlares":true,"showImageEffects":true,"showParticleSystems":true},"in2DMode":false,"pivot":{"x":-15.141600608825684,"y":1.7843201160430909,"z":-6.297322750091553},"rotation":{"x":-0.138053759932518,"y":-0.7409241199493408,"z":0.16048766672611237,"w":-0.6373530030250549},"size":5.734262943267822,"orthographic":false}