{"cameraMode":{"drawMode":0,"name":"Shaded","section":"Shading Mode"},"sceneLighting":true,"audioPlay":false,"sceneViewState":{"showFog":true,"showMaterialUpdate":false,"showSkybox":true,"showFlares":true,"showImageEffects":true,"showParticleSystems":true},"in2DMode":false,"pivot":{"x":-12.60421371459961,"y":1.2002155780792237,"z":-4.420490741729736},"rotation":{"x":-0.04000586271286011,"y":-0.9550421833992004,"z":0.1519784778356552,"w":-0.25139811635017397},"size":7.377801418304443,"orthographic":false}